Track Name,Artists,Album Name,Album ID,Track ID,Popularity,Release Date,Duration (ms),Explicit,External URLs,Danceability,Energy,Key,Loudness,Mode,Speechiness,Acousticness,Instrumentalness,Liveness,Valence,Tempo
Blinding Lights,The Weeknd,After Hours,4yP0hdKOZPNshxUOjY0cZj,0VjIjW4GlUZAMYd2vXMi3b,87,2020-03-20,200040,False,https://open.spotify.com/track/0VjIjW4GlUZAMYd2vXMi3b,0.513,0.73,1,-5.94,1,0.0598,0.00143,9.54e-05,0.0897,0.334,171.001
Shape of You,Ed Sheeran,÷ (Deluxe),3T4tUhGYeRNVUGevb0wThu,7qiZfU4dY1lWllzX7mPBI3,86,2017-03-03,233713,False,https://open.spotify.com/track/7qiZfU4dY1lWllzX7mPBI3,0.825,0.652,1,-3.183,0,0.0802,0.581,0.0,0.0931,0.931,95.977
Someone You Loved,Lewis Capaldi,Divinely Uninspired To A Hellish Extent,5658aM19fA3JVwTK6eQX70,7qEHsqek33rTcFNT9PFqLf,86,2019-05-17,182161,False,https://open.spotify.com/track/7qEHsqek33rTcFNT9PFqLf,0.501,0.405,1,-5.679,1,0.0319,0.751,0.0,0.105,0.446,109.891
As It Was,Harry Styles,Harry's House,5r36AJ6VOJtp00oxSkBZ5h,4Dvkj6JhhA12EX05fT7y2e,87,2022-05-20,167303,False,https://open.spotify.com/track/4Dvkj6JhhA12EX05fT7y2e,0.52,0.731,6,-5.338,0,0.0557,0.342,0.00101,0.311,0.662,173.93
Sunflower - Spider-Man: Into the Spider-Verse,"Post Malone, Swae Lee",Spider-Man: Into the Spider-Verse (Soundtrack From & Inspired by the Motion Picture),35s58BRTGAEWztPo9WqCIs,3KkXRkHbMCARz0aVfEt68P,79,2018-12-14,158040,False,https://open.spotify.com/track/3KkXRkHbMCARz0aVfEt68P,0.76,0.478,2,-5.574,1,0.0467,0.552,0.0,0.0703,0.913,89.908
Starboy,"The Weeknd, Daft Punk",Starboy,09fggMHib4YkOtwQNXEBII,5aAx2yezTd8zXrkmtKl66Z,2,2016-11-25,230453,True,https://open.spotify.com/track/5aAx2yezTd8zXrkmtKl66Z,0.681,0.594,7,-7.028,1,0.282,0.165,3.49e-06,0.134,0.535,186.054
One Dance,"Drake, Wizkid, Kyla",Views,3hARKC8cinq3mZLLAEaBh9,1xznGGDReH1oQq0xzbwXa3,2,2016-05-06,173987,False,https://open.spotify.com/track/1xznGGDReH1oQq0xzbwXa3,0.791,0.619,1,-5.886,1,0.0532,0.00784,0.00423,0.351,0.371,103.989
STAY (with Justin Bieber),"The Kid LAROI, Justin Bieber",F*CK LOVE 3: OVER YOU,4bZJWQhHKJckFLJuYdvyX2,5PjdY0CKGZdEuoNab3yDmX,18,2021-07-23,141806,True,https://open.spotify.com/track/5PjdY0CKGZdEuoNab3yDmX,0.591,0.764,1,-5.484,1,0.0483,0.0383,0.0,0.103,0.478,169.928
Sweater Weather,The Neighbourhood,I Love You.,4xkM0BwLM9H2IUcbYzpcBI,2QjOHCTQ1Jl3zawyYOpxh6,90,2013-04-22,240400,False,https://open.spotify.com/track/2QjOHCTQ1Jl3zawyYOpxh6,0.612,0.807,10,-2.81,1,0.0336,0.0495,0.0177,0.101,0.398,124.053
Believer,Imagine Dragons,Evolve,5GlPAy2PRJW06GVFhKwGTl,0CcQNd8CINkwQfe1RDtGV6,2,2017-06-23,204347,False,https://open.spotify.com/track/0CcQNd8CINkwQfe1RDtGV6,0.779,0.787,10,-4.305,0,0.108,0.0524,0.0,0.14,0.708,124.982
Heat Waves,Glass Animals,Heat Waves,69K1zrf6TkXHdYUO8n2qVi,6CDzDgIUqeDY5g8ujExx2f,7,2020-06-29,238805,False,https://open.spotify.com/track/6CDzDgIUqeDY5g8ujExx2f,0.761,0.525,11,-6.9,1,0.0944,0.44,6.7e-06,0.0921,0.531,80.87
Dance Monkey,Tones And I,Dance Monkey (Stripped Back) / Dance Monkey,0UywfDKYlyiu1b38DRrzYD,2XU0oxnq2qxCpomAAuJY8K,72,2019-10-17,209438,False,https://open.spotify.com/track/2XU0oxnq2qxCpomAAuJY8K,0.824,0.588,6,-6.4,0,0.0924,0.692,0.000104,0.149,0.513,98.027
Perfect,Ed Sheeran,÷ (Deluxe),3T4tUhGYeRNVUGevb0wThu,0tgVpDi06FyKpA1z0VMD4v,86,2017-03-03,263400,False,https://open.spotify.com/track/0tgVpDi06FyKpA1z0VMD4v,0.599,0.448,8,-6.312,1,0.0232,0.163,0.0,0.106,0.168,95.05
rockstar,"Post Malone, 21 Savage",rockstar,4AabsQ6plH3OmdE6BWI04j,7wGoVu4Dady5GV0Sv4UIsx,10,2017-09-15,218320,True,https://open.spotify.com/track/7wGoVu4Dady5GV0Sv4UIsx,0.577,0.522,5,-6.594,0,0.0984,0.13,9.03e-05,0.142,0.119,159.772
Tunnel Of Love,Kalu,Tunnel Of Love,4qzGXAu5FEVHfW5PeQwgqC,5G4uNOOs5ZyVicj6vHl6KY,30,2024-10-01,142409,False,https://open.spotify.com/track/5G4uNOOs5ZyVicj6vHl6KY,0.539,0.887,11,-4.27,0,0.0414,0.00173,2.92e-05,0.194,0.192,95.983
lovely (with Khalid),"Billie Eilish, Khalid",lovely (with Khalid),2sBB17RXTamvj7Ncps15AK,0u2P5u6lvoDfwTYjAADbn4,86,2018-04-19,200186,False,https://open.spotify.com/track/0u2P5u6lvoDfwTYjAADbn4,0.351,0.296,4,-10.109,0,0.0333,0.934,0.0,0.095,0.12,115.284
Say You Won't Let Go,James Arthur,Back from the Edge,7oiJYvEJHsmYtrgviAVIBD,5uCax9HTNlzGybIStD3vDh,85,2016-10-28,211467,False,https://open.spotify.com/track/5uCax9HTNlzGybIStD3vDh,0.358,0.557,10,-7.398,1,0.059,0.695,0.0,0.0902,0.494,85.043
Sunlight,The Hourglass Effect,Sunlight,6MlQBLTUfE3Ritq5gkPUOb,2NQzj8czPzUw9ufCOvAT8W,49,2024-09-06,266359,False,https://open.spotify.com/track/2NQzj8czPzUw9ufCOvAT8W,0.396,0.905,8,-6.436,1,0.0738,0.000202,0.191,0.097,0.598,160.003
Closer,"The Chainsmokers, Halsey",Closer,0rSLgV8p5FzfnqlEk4GzxE,7BKLCZ1jbUBVqRi2FVlTVw,84,2016-07-29,244960,False,https://open.spotify.com/track/7BKLCZ1jbUBVqRi2FVlTVw,0.748,0.524,8,-5.599,1,0.0338,0.414,0.0,0.111,0.661,95.01
Watermelon Sugar,Harry Styles,Fine Line,7xV2TzoaVc0ycW7fwBwAml,6UelLqGlWMcVH1E5c4H7lY,82,2019-12-13,174000,False,https://open.spotify.com/track/6UelLqGlWMcVH1E5c4H7lY,0.548,0.816,0,-4.209,1,0.0465,0.122,0.0,0.335,0.557,95.39
Señorita,"Shawn Mendes, Camila Cabello",Señorita,2ZaX1FdZCwchXl1QZiD4O4,0TK2YIli7K1leLovkQiNik,74,2019-06-21,190960,False,https://open.spotify.com/track/0TK2YIli7K1leLovkQiNik,0.759,0.54,9,-6.039,0,0.0287,0.037,0.0,0.0945,0.75,116.947
Something Just Like This,"The Chainsmokers, Coldplay",Memories...Do Not Open,4JPguzRps3kuWDD5GS6oXr,6RUKPb4LETWmmr3iAEQktW,86,2017-04-07,247160,False,https://open.spotify.com/track/6RUKPb4LETWmmr3iAEQktW,0.617,0.635,11,-6.769,0,0.0317,0.0498,1.44e-05,0.164,0.446,103.019
where do i go?,leoleo,where do i go?,2umeC5Wf7Iw5HIMHlsjEjR,6EIsrLeTHnX1fNU2Ci36RL,41,2024-06-07,171374,False,https://open.spotify.com/track/6EIsrLeTHnX1fNU2Ci36RL,0.586,0.587,2,-6.859,1,0.0407,0.0825,1.53e-06,0.246,0.699,93.773
Riptide,Vance Joy,Dream Your Life Away,6rIbiUMmZJfqJRnXhVxFvg,7yq4Qj7cqayVTp3FF9CWbm,78,2014-09-08,204280,False,https://open.spotify.com/track/7yq4Qj7cqayVTp3FF9CWbm,0.484,0.731,1,-6.694,1,0.0379,0.431,0.0,0.151,0.51,101.654
Don't Start Now,Dua Lipa,Future Nostalgia,7fJJK56U9fHixgO0HQkhtI,3PfIrDoz19wz7qK7tYeu62,80,2020-03-27,183290,False,https://open.spotify.com/track/3PfIrDoz19wz7qK7tYeu62,0.793,0.793,11,-4.521,0,0.083,0.0123,0.0,0.0951,0.679,123.95
Take Me To Church,Hozier,Hozier (Special Edition),6bcl0ZcPJWJtyuRsOyhvfv,2EiGECydkS2M8OCcRHQZhT,0,2014-11-06,241688,False,https://open.spotify.com/track/2EiGECydkS2M8OCcRHQZhT,0.456,0.67,7,-5.212,1,0.0574,0.588,0.0,0.116,0.405,128.632
Another Love,Tom Odell,Long Way Down (Deluxe),0Gf1yE895FKK4YWVRuAeg8,3JvKfv6T31zO0ini8iNItO,86,2013-06-24,244360,True,https://open.spotify.com/track/3JvKfv6T31zO0ini8iNItO,0.445,0.537,4,-8.532,0,0.04,0.695,1.65e-05,0.0944,0.131,122.769
Counting Stars,OneRepublic,Native,1Cm6wsvnTlOXrfI9PkD8i4,5edBgVtRD0fvWk140Sl21T,1,2013-01-01,257267,False,https://open.spotify.com/track/5edBgVtRD0fvWk140Sl21T,0.662,0.71,1,-4.945,0,0.0364,0.0603,0.0,0.119,0.465,121.979
Wavy,Yerin,Rewrite,5H80DTznH6q3sVcb7aKAid,1Bk4mFK1shZUoHfYJMwqWp,50,2024-09-04,173667,False,https://open.spotify.com/track/1Bk4mFK1shZUoHfYJMwqWp,0.707,0.907,10,-4.069,1,0.0418,0.244,0.0,0.112,0.869,125.04
Photograph,Ed Sheeran,x (Deluxe Edition),1xn54DMo2qIqBuMqHtUsFd,1HNkqx9Ahdgi1Ixy2xkKkL,84,2014-06-21,258987,False,https://open.spotify.com/track/1HNkqx9Ahdgi1Ixy2xkKkL,0.614,0.379,4,-10.48,1,0.0476,0.607,0.000464,0.0986,0.201,107.989
Like Em Country,Cwby,Like Em Country,4V6MpMUEtrtPvcSVkGLkLF,6krwVrqihThMtvID5LlaYj,41,2024-08-23,179985,False,https://open.spotify.com/track/6krwVrqihThMtvID5LlaYj,0.751,0.855,7,-3.737,0,0.0626,0.106,0.0,0.206,0.657,93.996
Lucid Dreams,Juice WRLD,Goodbye & Good Riddance,6tkjU4Umpo79wwkgPMV3nZ,285pBltuF7vW8TeWk8hdRR,82,2018-12-10,239836,True,https://open.spotify.com/track/285pBltuF7vW8TeWk8hdRR,0.511,0.566,6,-7.23,0,0.2,0.349,0.0,0.34,0.218,83.903
Circles,Post Malone,Hollywood's Bleeding,4g1ZRSobMefqF6nelkgibi,21jGcNKet2qwijlDFuPiPb,83,2019-09-06,215280,False,https://open.spotify.com/track/21jGcNKet2qwijlDFuPiPb,0.695,0.763,0,-3.497,1,0.0396,0.189,0.00242,0.0863,0.551,120.042
Cool Girls Party,Melanie Herrera,Cool Girls Party,34RRJGyPmQcrRts5vdcPXs,2snvV5XQw30jstCYlr1W5o,41,2024-10-17,183373,False,https://open.spotify.com/track/2snvV5XQw30jstCYlr1W5o,0.734,0.373,11,-10.301,1,0.0491,0.451,0.000485,0.431,0.595,109.069
God's Plan,Drake,Scary Hours,2YDNDwQvsU0njt7Kq0xNRY,6T8cJz5lAqGer9GUHGyelE,1,2018-01-20,198960,True,https://open.spotify.com/track/6T8cJz5lAqGer9GUHGyelE,0.755,0.448,7,-9.587,1,0.107,0.0283,3.28e-05,0.514,0.318,77.179
Bohemian Rhapsody - Remastered 2011,Queen,A Night At The Opera (2011 Remaster),1GbtB4zTqAsyfZEsm1RZfx,4u7EnebtmKWzUH433cf5Qv,78,1975-11-21,354320,False,https://open.spotify.com/track/4u7EnebtmKWzUH433cf5Qv,0.411,0.404,0,-9.928,0,0.0511,0.271,0.0,0.3,0.226,71.068
bad guy,Billie Eilish,"WHEN WE ALL FALL ASLEEP, WHERE DO WE GO?",0S0KGZnfBGSIssfF54WSJh,2Fxmhks0bxGSBdJ92vM42m,81,2019-03-29,194088,False,https://open.spotify.com/track/2Fxmhks0bxGSBdJ92vM42m,0.701,0.425,7,-10.965,1,0.375,0.328,0.13,0.1,0.562,135.128
Thinking out Loud,Ed Sheeran,x (Deluxe Edition),1xn54DMo2qIqBuMqHtUsFd,34gCuhDGsG4bRPIf9bb02f,81,2014-06-21,281560,False,https://open.spotify.com/track/34gCuhDGsG4bRPIf9bb02f,0.781,0.445,2,-6.061,1,0.0295,0.474,0.0,0.184,0.591,78.998
Can't Hold Us (feat. Ray Dalton),"Macklemore, Ryan Lewis, Macklemore & Ryan Lewis, Ray Dalton",The Heist,76FXHQhTuT4QMIxfL09gX8,3bidbhpOYeV4knp8AIu8Xn,76,2012-10-09,258343,False,https://open.spotify.com/track/3bidbhpOYeV4knp8AIu8Xn,0.641,0.922,2,-4.457,1,0.0786,0.0291,0.0,0.0862,0.847,146.078
Glow,Kaya Street,Glow,0k7O544ofpgWs3pTXaeOmW,4BrtbcDX9IJLo4EiwVejcA,0,2023-03-22,282000,False,https://open.spotify.com/track/4BrtbcDX9IJLo4EiwVejcA,0.549,0.751,8,-9.783,1,0.0389,0.0723,0.00886,0.155,0.281,80.023
Yellow,Coldplay,Parachutes,6ZG5lRT77aJ3btmArcykra,3AJwUDP919kvQ9QcozQPxg,89,2000-07-10,266773,False,https://open.spotify.com/track/3AJwUDP919kvQ9QcozQPxg,0.429,0.661,11,-7.227,1,0.0281,0.00239,0.000121,0.234,0.285,173.372
goosebumps,Travis Scott,Birds In The Trap Sing McKnight,42WVQWuf1teDysXiOupIZt,6gBFPUFcJLzWGx4lenP6h2,85,2016-09-16,243837,True,https://open.spotify.com/track/6gBFPUFcJLzWGx4lenP6h2,0.841,0.728,7,-3.37,1,0.0484,0.0847,0.0,0.149,0.43,130.049
Shallow,"Lady Gaga, Bradley Cooper",A Star Is Born Soundtrack,4sLtOBOzn4s3GDUv3c5oJD,2VxeLyX666F8uXCJ0dZF8B,82,2018-10-05,215733,False,https://open.spotify.com/track/2VxeLyX666F8uXCJ0dZF8B,0.577,0.385,7,-6.362,1,0.03,0.371,0.0,0.231,0.331,95.82
Imperfections,Izza,Because I'm Blonde,5xvrgR3xYOA7bmuS0NPhTf,4iwLDA6XdWfkQnCzyqNjKq,24,2024-11-15,209566,False,https://open.spotify.com/track/4iwLDA6XdWfkQnCzyqNjKq,0.484,0.316,11,-11.119,0,0.0574,0.692,0.0,0.29,0.332,145.012
Cruel Summer,Taylor Swift,Lover,1NAmidJlEaVgA3MpcPFYGq,1BxfuPKGuaTgP7aM0Bbdwr,89,2019-08-23,178427,False,https://open.spotify.com/track/1BxfuPKGuaTgP7aM0Bbdwr,0.552,0.702,9,-5.707,1,0.157,0.117,2.06e-05,0.105,0.564,169.994
Love Yourself,Justin Bieber,Purpose (Deluxe),7fZH0aUAjY3ay25obOUf2a,3hB5DgAiMAQ4DzYbsMq1IT,1,2015-11-13,233720,False,https://open.spotify.com/track/3hB5DgAiMAQ4DzYbsMq1IT,0.609,0.378,4,-9.828,1,0.438,0.835,0.0,0.28,0.515,100.418
I Wanna Be Yours,Arctic Monkeys,AM,78bpIziExqiI9qztvNFlQu,5XeFesFbtLpXzIVDNQP22n,90,2013-09-09,183956,False,https://open.spotify.com/track/5XeFesFbtLpXzIVDNQP22n,0.464,0.417,0,-9.345,0,0.0256,0.136,0.022,0.0974,0.479,67.528
Thunder,Imagine Dragons,Evolve,5GlPAy2PRJW06GVFhKwGTl,0tKcYR2II1VCQWT79i5NrW,3,2017-06-23,187147,False,https://open.spotify.com/track/0tKcYR2II1VCQWT79i5NrW,0.6,0.81,0,-4.749,1,0.0479,0.00683,0.21,0.155,0.298,167.88
All of Me,John Legend,Love In The Future (Expanded Edition),4OTAx9un4e6NfoHuVRiOrC,3U4isOIWM3VvDubwSI3y7a,83,2013-08-30,269560,False,https://open.spotify.com/track/3U4isOIWM3VvDubwSI3y7a,0.422,0.264,8,-7.064,1,0.0322,0.922,0.0,0.132,0.331,119.93
The Night We Met,Lord Huron,Strange Trails,4sD1qg4jwTZR4mvR4Iflk5,3hRV0jL3vUpRrcy398teAU,88,2015-04-06,208212,False,https://open.spotify.com/track/3hRV0jL3vUpRrcy398teAU,0.448,0.369,9,-9.514,1,0.0452,0.968,0.272,0.638,0.0998,174.097
On My Way,Jay Putty,On My Way,7hEWePP7uRtpwKbHFSr30N,3eoan9A3pDSzDZzDzh0Xrr,40,2024-01-16,216841,False,https://open.spotify.com/track/3eoan9A3pDSzDZzDzh0Xrr,0.575,0.813,2,-7.346,1,0.0293,0.00883,4.86e-05,0.195,0.516,109.954
Die For You,The Weeknd,Starboy,2ODvWsOgouMbaA5xf0RkJe,2Ch7LmS7r2Gy2kc64wv3Bz,78,2016-11-25,260253,False,https://open.spotify.com/track/2Ch7LmS7r2Gy2kc64wv3Bz,0.586,0.525,1,-7.163,0,0.0616,0.111,0.0,0.134,0.507,133.63
Wake Me Up - Radio Edit,Avicii,True,02h9kO2oLKnLtycgbElKsw,6g1NlCpW7fgqDnWbCCDrHl,4,2013-01-01,247427,False,https://open.spotify.com/track/6g1NlCpW7fgqDnWbCCDrHl,0.532,0.783,2,-5.697,1,0.0523,0.0038,0.0012,0.161,0.643,124.08
Demons,Imagine Dragons,Night Visions (Deluxe),1vAEF8F0HoRFGiYOEeJXHW,2Oehrcv4Kov0SuIgWyQY9e,18,2012-09-04,175200,False,https://open.spotify.com/track/2Oehrcv4Kov0SuIgWyQY9e,0.327,0.71,3,-2.928,1,0.0547,0.202,9e-05,0.28,0.416,179.561
The Hills,The Weeknd,Beauty Behind The Madness,28ZKQMoNBB0etKXZ97G2SN,25khomWgBVamSdKw7hzm3l,1,2015-08-28,242253,True,https://open.spotify.com/track/25khomWgBVamSdKw7hzm3l,0.356,0.567,0,-7.011,0,0.0798,0.0861,0.0,0.137,0.109,135.553
Drive,Andrew Mijares,Drive,0zdbWPEhZGNBpCuaMijGc2,23ZFWDVtZgdKY2s509MR6Z,1,2024-11-08,180142,False,https://open.spotify.com/track/23ZFWDVtZgdKY2s509MR6Z,0.729,0.573,6,-9.712,0,0.0291,0.293,0.0,0.292,0.491,99.988
Stressed Out,Twenty One Pilots,Blurryface,3cQO7jp5S9qLBoIVtbkSM1,3CRDbSIZ4r5MsZ0YwxuEkn,83,2015-05-15,202333,False,https://open.spotify.com/track/3CRDbSIZ4r5MsZ0YwxuEkn,0.734,0.637,4,-5.677,0,0.141,0.0462,2.29e-05,0.0602,0.648,169.977
Viva La Vida,Coldplay,Viva La Vida or Death and All His Friends,1CEODgTmTwLyabvwd7HBty,1mea3bSkSGXuIRvnydlB5b,85,2008-05-26,242373,False,https://open.spotify.com/track/1mea3bSkSGXuIRvnydlB5b,0.486,0.617,5,-7.115,0,0.0287,0.0954,3.23e-06,0.109,0.417,138.015
No Role Modelz,J. Cole,2014 Forest Hills Drive,0UMMIkurRUmkruZ3KGBLtG,68Dni7IE4VyPkTOH9mRWHr,84,2014-12-09,292799,True,https://open.spotify.com/track/68Dni7IE4VyPkTOH9mRWHr,0.69,0.521,10,-8.492,0,0.339,0.324,0.0,0.0534,0.494,100.028
Liberty,Rebecca,Liberty,2Bv74KPtzfZcU7dBQpyCsZ,5Pl1oC4kKL3lZRkOMFnwuE,33,2024-08-16,176309,False,https://open.spotify.com/track/5Pl1oC4kKL3lZRkOMFnwuE,0.571,0.352,0,-10.009,1,0.0257,0.0203,0.00174,0.337,0.204,86.06
HUMBLE.,Kendrick Lamar,DAMN.,7wbJhbCvhPfbK1CLAkpq25,7ujx3NYtwO2LkmKGz59mXp,1,2017-04-14,177000,True,https://open.spotify.com/track/7ujx3NYtwO2LkmKGz59mXp,0.906,0.625,1,-6.779,0,0.0903,0.000243,3.23e-05,0.0975,0.423,150.018
Let Her Go,Passenger,All The Little Lights,2mylGx7w2Q3yhUyN8iEWOF,7DFNE7NO0raLIUbgzY2rzm,4,2012-11-05,252867,False,https://open.spotify.com/track/7DFNE7NO0raLIUbgzY2rzm,0.509,0.538,7,-7.335,1,0.0572,0.385,0.0,0.104,0.244,75.089
7 rings,Ariana Grande,"thank u, next",2fYhqwDWXjbpjaIJPEfKFw,6ocbgoVGwYJhOv1GgI9NsF,82,2019-02-08,178627,True,https://open.spotify.com/track/6ocbgoVGwYJhOv1GgI9NsF,0.777,0.317,1,-10.732,0,0.308,0.591,0.0,0.0881,0.33,139.848
Mr. Brightside,The Killers,Hot Fuss,4piJq7R3gjUOxnYs6lDCTg,003vvx7Niy0yvhvHt4a68B,85,2004,222973,False,https://open.spotify.com/track/003vvx7Niy0yvhvHt4a68B,0.352,0.911,1,-5.23,1,0.0747,0.00121,0.0,0.0995,0.236,148.033
Without Me,Eminem,The Eminem Show,2cWBwpqMsDJC1ZUwz813lo,7lQ8MOhq6IN2w8EYcFNSUk,86,2002-05-26,290320,True,https://open.spotify.com/track/7lQ8MOhq6IN2w8EYcFNSUk,0.908,0.669,7,-2.827,1,0.0738,0.00286,0.0,0.237,0.662,112.238
Lose Yourself,Eminem,SHADYXV,3CjuTytLZz3G9znXt2rJgU,7MJQ9Nfxzh8LPZ9e9u68Fq,69,2014-11-24,320627,True,https://open.spotify.com/track/7MJQ9Nfxzh8LPZ9e9u68Fq,0.689,0.735,2,-4.545,1,0.267,0.00922,0.00072,0.365,0.059,171.403
When I Was Your Man,Bruno Mars,Unorthodox Jukebox,4xWulj18AGahlyuZPulaGe,0B7wvvmu9EISAwZnOpjhNI,51,2012-12-05,213827,False,https://open.spotify.com/track/0B7wvvmu9EISAwZnOpjhNI,0.601,0.271,0,-8.688,1,0.0403,0.937,0.0,0.144,0.411,145.494
Do I Wanna Know?,Arctic Monkeys,AM,78bpIziExqiI9qztvNFlQu,5FVd6KXrgO9B3JPmC8OPst,84,2013-09-09,272394,False,https://open.spotify.com/track/5FVd6KXrgO9B3JPmC8OPst,0.548,0.532,5,-7.596,1,0.0323,0.186,0.000263,0.217,0.405,85.03
Just the Way You Are,Bruno Mars,Doo-Wops & Hooligans,6J84szYCnMfzEcvIcfWMFL,47Slg6LuqLaX0VodpSCvPt,81,2010-05-11,220734,False,https://open.spotify.com/track/47Slg6LuqLaX0VodpSCvPt,0.635,0.841,5,-5.379,1,0.0422,0.0134,0.0,0.0622,0.424,109.021
drivers license,Olivia Rodrigo,SOUR,6s84u2TUpR3wdUv4NgKA2j,5wANPM4fQCJwkGd4rN57mH,82,2021-05-21,242013,True,https://open.spotify.com/track/5wANPM4fQCJwkGd4rN57mH,0.561,0.431,10,-8.81,1,0.0578,0.768,1.42e-05,0.106,0.137,143.875
How Many Times,JJ & The Mood,How Many Times,0C9bCu5Hi5vyEwPGUVeR7u,4c9ihNMojL2wOGglzQ2aCG,31,2021-02-10,330000,False,https://open.spotify.com/track/4c9ihNMojL2wOGglzQ2aCG,0.897,0.66,7,-9.548,1,0.123,0.0418,0.00706,0.0833,0.754,120.043
One Kiss (with Dua Lipa),"Calvin Harris, Dua Lipa",One Kiss (with Dua Lipa),7GEzhoTiqcPYkOprWQu581,7ef4DlsgrMEH11cDZd32M6,78,2018-04-06,214847,False,https://open.spotify.com/track/7ef4DlsgrMEH11cDZd32M6,0.791,0.862,9,-3.24,0,0.11,0.037,2.19e-05,0.0814,0.592,123.994
Treat You Better,Shawn Mendes,Illuminate (Deluxe),3wBabo4pmzsYjALMSKY7Iq,48DKpTEVJ2pAjxQbWTad3q,54,2017-04-20,187973,False,https://open.spotify.com/track/48DKpTEVJ2pAjxQbWTad3q,0.443,0.82,10,-4.091,0,0.34,0.107,0.0,0.107,0.771,82.697
good 4 u,Olivia Rodrigo,SOUR,6s84u2TUpR3wdUv4NgKA2j,4ZtFanR9U6ndgddUvNcjcG,82,2021-05-21,178147,True,https://open.spotify.com/track/4ZtFanR9U6ndgddUvNcjcG,0.563,0.664,9,-5.044,1,0.154,0.335,0.0,0.0849,0.688,166.928
SAD!,XXXTENTACION,?,2Ti79nwTsont5ZHfdxIzAm,3ee8Jmje8o58CHK66QrVC2,79,2018-03-16,166606,True,https://open.spotify.com/track/3ee8Jmje8o58CHK66QrVC2,0.74,0.613,8,-4.88,1,0.145,0.258,0.00372,0.123,0.473,75.023
Let Me Love You,"DJ Snake, Justin Bieber",Encore,02sEJTj1sye1JaqxqpcSCp,0lYBSQXN6rCTvUZvg9S0lU,83,2016-08-05,205947,False,https://open.spotify.com/track/0lYBSQXN6rCTvUZvg9S0lU,0.475,0.715,8,-5.371,1,0.058,0.0863,2.67e-05,0.135,0.159,199.892
Unforgettable,"French Montana, Swae Lee",Jungle Rules,4c2p3TdN7NcQfCXyueCNnC,3B54sVLJ402zGa6Xm4YGNe,84,2017-07-14,233902,True,https://open.spotify.com/track/3B54sVLJ402zGa6Xm4YGNe,0.726,0.769,6,-5.043,1,0.123,0.0293,0.0101,0.104,0.733,97.985
Flowers,Miley Cyrus,Endless Summer Vacation,5DvJgsMLbaR1HmAI6VhfcQ,7DSAEUvxU8FajXtRloy8M0,87,2023-08-18,200600,False,https://open.spotify.com/track/7DSAEUvxU8FajXtRloy8M0,0.706,0.691,0,-4.775,1,0.0633,0.0584,6.99e-05,0.0232,0.632,118.048
In the End,Linkin Park,Hybrid Theory (Bonus Edition),6hPkbAV3ZXpGZBGUvL6jVM,60a0Rd6pjrkxjPbaKzXjfq,87,2000,216880,False,https://open.spotify.com/track/60a0Rd6pjrkxjPbaKzXjfq,0.556,0.864,3,-5.87,0,0.0584,0.00958,0.0,0.209,0.4,105.143
Jocelyn Flores,XXXTENTACION,17,5VdyJkLe3yvOs0l4xXbWp0,7m9OqQk4RVRkw9JJdeAw96,79,2017-08-25,119133,True,https://open.spotify.com/track/7m9OqQk4RVRkw9JJdeAw96,0.872,0.391,0,-9.144,0,0.242,0.469,4.13e-06,0.297,0.437,134.021
Every Breath You Take,The Police,Synchronicity (Remastered 2003),5W9OT0a5iZlBr83a9WMKFY,1JSTJqkT5qHq8MDJnJbRE1,86,1983-06-17,253920,False,https://open.spotify.com/track/1JSTJqkT5qHq8MDJnJbRE1,0.82,0.452,1,-9.796,1,0.0348,0.543,0.00294,0.0714,0.74,117.401
That's What I Like,Bruno Mars,24K Magic,4PgleR09JVnm3zY1fW3XBA,0KKkJNfGyhkQ5aFogxQAPU,88,2016-11-17,206693,False,https://open.spotify.com/track/0KKkJNfGyhkQ5aFogxQAPU,0.853,0.56,1,-4.961,1,0.0406,0.013,0.0,0.0944,0.86,134.066
Happier,"Marshmello, Bastille",Happier,78EicdHZr5XBWD7llEZ1Jh,2dpaYNEQHiRxtZbfNsse99,11,2018-08-17,214290,False,https://open.spotify.com/track/2dpaYNEQHiRxtZbfNsse99,0.687,0.792,5,-2.749,1,0.0452,0.191,0.0,0.167,0.671,100.011
Locked out of Heaven,Bruno Mars,Unorthodox Jukebox,4xWulj18AGahlyuZPulaGe,5g7sDjBhZ4I3gcFIpkrLuI,51,2012-12-05,233653,False,https://open.spotify.com/track/5g7sDjBhZ4I3gcFIpkrLuI,0.728,0.697,5,-4.125,1,0.0456,0.0556,0.0,0.282,0.87,143.986
XO Tour Llif3,Lil Uzi Vert,Luv Is Rage 2,733e1ZfktLSwj96X5rsMeE,7GX5flRQZVHRAGd6B4TmDO,81,2017-08-25,182707,True,https://open.spotify.com/track/7GX5flRQZVHRAGd6B4TmDO,0.732,0.75,11,-6.366,0,0.231,0.00264,0.0,0.109,0.401,155.096
SICKO MODE,Travis Scott,ASTROWORLD,41GuZcammIkupMPKH2OJ6I,2xLMifQCjDGFmkHkpNLD9h,81,2018-08-03,312820,True,https://open.spotify.com/track/2xLMifQCjDGFmkHkpNLD9h,0.834,0.73,8,-3.714,1,0.222,0.00513,0.0,0.124,0.446,155.008
Sorry,Justin Bieber,Purpose (Deluxe),7fZH0aUAjY3ay25obOUf2a,69bp2EbF7Q2rqc5N3ylezZ,2,2015-11-13,200787,False,https://open.spotify.com/track/69bp2EbF7Q2rqc5N3ylezZ,0.654,0.76,0,-3.669,0,0.045,0.0797,0.0,0.299,0.41,99.945
Lean On (feat. MØ & DJ Snake),"Major Lazer, MØ, DJ Snake",Peace Is The Mission,2XBnxKeRZi76u2iyGcMych,4WjH9Bzt3kx7z8kl0awxh4,1,2015-05-29,176561,False,https://open.spotify.com/track/4WjH9Bzt3kx7z8kl0awxh4,0.723,0.809,7,-3.081,0,0.0625,0.00346,0.00123,0.565,0.274,98.007
New Rules,Dua Lipa,Dua Lipa (Deluxe),01sfgrNbnnPUEyz6GZYlt9,2ekn2ttSfGqwhhate0LSR0,78,2017-06-02,209320,False,https://open.spotify.com/track/2ekn2ttSfGqwhhate0LSR0,0.762,0.7,9,-6.021,0,0.0694,0.00261,1.56e-05,0.153,0.608,116.073
Heartless,"Alexcis, Wallie the Sensei, TK RUN IT UP",Heartless,07WHsmKTEi9hZ7TVREUjCP,2tfZPbEIwU2TdlRdtCiFoF,30,2024-10-25,150976,True,https://open.spotify.com/track/2tfZPbEIwU2TdlRdtCiFoF,0.787,0.525,1,-6.883,0,0.0607,0.406,2.53e-05,0.126,0.0885,115.034
There's Nothing Holdin' Me Back,Shawn Mendes,Illuminate (Deluxe),3wBabo4pmzsYjALMSKY7Iq,7JJmb5XwzOO8jgpou264Ml,84,2017-04-20,199440,False,https://open.spotify.com/track/7JJmb5XwzOO8jgpou264Ml,0.866,0.811,11,-4.063,0,0.0553,0.375,0.0,0.078,0.969,121.995
Levitating (feat. DaBaby),"Dua Lipa, DaBaby",Levitating (feat. DaBaby),04m06KhJUuwe1Q487puIud,463CkQjx2Zk1yXoBuierM9,65,2020-10-01,203064,False,https://open.spotify.com/track/463CkQjx2Zk1yXoBuierM9,0.702,0.825,6,-3.787,0,0.0601,0.00883,0.0,0.0674,0.915,102.977
Smells Like Teen Spirit,Nirvana,Nevermind (Remastered),2UJcKiJxNryhL050F5Z1Fk,4CeeEOM32jQcH3eN9Q2dGj,80,1991-09-26,301920,False,https://open.spotify.com/track/4CeeEOM32jQcH3eN9Q2dGj,0.502,0.912,1,-4.556,1,0.0564,2.55e-05,0.000173,0.106,0.72,116.761
Cold Heart - PNAU Remix,"Elton John, Dua Lipa, PNAU",Cold Heart (PNAU Remix),5D8Rdb09BkmHscEGSWAlA6,6zSpb8dQRaw0M1dK8PBwQz,79,2021-08-13,202735,False,https://open.spotify.com/track/6zSpb8dQRaw0M1dK8PBwQz,0.796,0.798,1,-6.312,1,0.0317,0.034,4.19e-05,0.0952,0.942,116.032
Vybez,"Mj Grizz, Tory Lanez",Vybez,18cO5EYvLJBbUtdZPGSlSs,20hybmXCYRuRJfB6T7idxd,56,2024-10-11,229645,True,https://open.spotify.com/track/20hybmXCYRuRJfB6T7idxd,0.617,0.543,6,-9.29,0,0.0741,0.0213,0.0,0.12,0.377,101.135
Too Good At Goodbyes,Sam Smith,The Thrill Of It All (Special Edition),3TJz2UBNYJtlEly0sPeNrQ,1mXVgsBdtIVeCLJnSnmtdV,81,2017-11-03,201000,False,https://open.spotify.com/track/1mXVgsBdtIVeCLJnSnmtdV,0.715,0.372,5,-8.237,1,0.0443,0.638,0.0,0.169,0.474,91.931
Stay With Me,Sam Smith,In The Lonely Hour,1tA4JdOpNQUyutfQtmMesJ,2whoe0pPKh4JRn6eWSIqTV,0,2014-01-01,172724,False,https://open.spotify.com/track/2whoe0pPKh4JRn6eWSIqTV,0.414,0.419,0,-6.431,1,0.0388,0.55,0.000195,0.11,0.18,84.082
Daydreaming,Bruklin,Daydreaming,2s5mdldGq2eNpv5Ma9eUwu,6QkEV7Krf7WV2UdILlgN4Z,39,2024-10-16,153529,False,https://open.spotify.com/track/6QkEV7Krf7WV2UdILlgN4Z,0.754,0.719,9,-3.221,0,0.117,0.0257,0.0,0.0775,0.523,84.887
Kill Bill,SZA,SOS,07w0rG5TETcyihsEIZR3qG,3OHfY25tqY28d16oZczHc8,77,2022-12-09,153947,False,https://open.spotify.com/track/3OHfY25tqY28d16oZczHc8,0.644,0.728,8,-5.75,1,0.0351,0.0543,0.169,0.161,0.43,88.993
Havana (feat. Young Thug),"Camila Cabello, Young Thug",Camila,2vD3zSQr8hNlg0obNel4TE,1rfofaqEpACxVEHIZBJe6W,80,2018-01-12,217307,False,https://open.spotify.com/track/1rfofaqEpACxVEHIZBJe6W,0.765,0.523,2,-4.333,1,0.03,0.184,3.56e-05,0.132,0.394,104.988
